RV;COD. FOR;LOJA;PRODUTO;Motivo de Intervenção
03SP0002.171177018-1;9967852;189;000000000000448;10
03SP0002.171184861-1;9967852;189;000000000000448;13
